{
  "project_info": {
    "project_number": "941921370885",
    "firebase_url": "https://wildlife-spotter-9b643-default-rtdb.europe-west1.firebasedatabase.app",
    "project_id": "wildlife-spotter-9b643",
    "storage_bucket": "wildlife-spotter-9b643.appspot.com"
  },
  "client": [
    {
      "client_info": {
        "mobilesdk_app_id": "1:941921370885:android:a70d120f12c05ab2666d6c",
        "android_client_info": {
          "package_name": "com.example.wildlifespotter"
        }
      },
      "oauth_client": [
        {
          "client_id": "941921370885-2tthegl0p7ue4hfvo4j6ugb63kj0jru5.apps.googleusercontent.com",
          "client_type": 3
        }
      ],
      "api_key": [
        {
          "current_key": "AIzaSyCB9pC0wXjsFk9r9VrQk8qTkiSZYoIlJ-E"
        }
      ],
      "services": {
        "appinvite_service": {
          "other_platform_oauth_client": [
            {
              "client_id": "941921370885-2tthegl0p7ue4hfvo4j6ugb63kj0jru5.apps.googleusercontent.com",
              "client_type": 3
            }
          ]
        }
      }
    }
  ],
  "configuration_version": "1"
}